H,RMSE,MAE,max_abs,peak_error,peak_angle_error
20,62.3682,55.012,96.0817,-95.5485,5.78127
20.5,60.8105,53.6854,93.5267,-93.0176,5.53127
21,59.2156,52.3431,90.9117,-90.4265,5.28127
21.5,57.5834,50.971,88.2365,-87.7752,4.98127
22,55.9141,49.5675,85.5014,-85.0639,4.73127
22.5,54.2078,48.1326,82.7066,-82.2926,4.48127
23,52.4644,46.6663,79.852,-79.4614,4.28127
23.5,50.6843,45.1685,76.9379,-76.5705,4.03127
24,48.8674,43.6393,73.9643,-73.6198,3.83127
24.5,47.0139,42.0787,70.9314,-70.6094,3.58127
25,45.1241,40.4866,67.8393,-67.5395,3.38127
25.5,43.1981,38.863,64.7034,-64.4101,3.18127
26,41.2363,37.208,61.5234,-61.2213,2.98127
26.5,39.2389,35.5215,58.2827,-57.9732,2.78127
27,37.2064,33.8035,54.9815,-54.6659,2.63127
27.5,35.1393,32.054,51.6199,-51.2994,2.43127
28,33.0383,30.2729,48.1979,-47.8739,2.23127
28.5,30.9042,28.4604,44.7156,-44.3893,2.08127
29,28.7383,26.6162,41.1731,-40.8459,1.88127
29.5,26.5421,24.7406,37.5705,-37.2436,1.73127
30,24.3179,22.8334,33.9078,-33.5826,1.58127
30.5,22.0687,20.8946,30.1853,-29.863,1.43127
31,19.7995,18.9242,26.4028,-26.0848,1.23127
31.5,17.5175,16.9223,22.6418,-22.248,1.08127
32,15.2348,14.8887,19.0668,-18.3529,0.931269
32.5,12.9721,12.8236,15.4328,-14.3994,0.781269
33,10.7679,10.7268,12.2644,-10.3877,0.631269
33.5,8.69957,8.59841,10.491,-6.31778,0.531269
34,6.93198,6.43837,11.0096,-2.18977,0.381269
34.5,5.79988,4.85733,11.5692,1.99623,0.231269
35,5.74725,5.03513,12.1391,6.24016,0.0812692
35.5,6.84303,5.96835,12.7192,10.5419,-0.0687308
36,8.69674,7.35575,14.9046,14.9015,-0.168731
36.5,10.9574,9.03712,19.3229,19.3187,-0.318731
37,13.444,10.941,23.7972,23.7935,-0.418731
37.5,16.0716,13.0451,28.3274,28.3259,-0.568731
38,18.798,15.2419,32.9135,32.9156,-0.668731
38.5,21.6009,17.5339,37.5553,37.5628,-0.818731
39,24.4674,19.8787,42.2527,42.2672,-0.918731
39.5,27.3895,22.3274,47.0054,47.0289,-1.06873
40,30.3623,24.8584,51.8135,51.8476,-1.16873
40.5,33.3825,27.4519,56.7141,56.7234,-1.31873
41,36.4476,30.0782,61.6742,61.6562,-1.41873
41.5,39.5561,32.7373,66.6921,66.6458,-1.51873
42,42.7067,35.4292,71.7677,71.6922,-1.66873
42.5,45.8985,38.1539,76.901,76.7954,-1.76873
43,49.1308,40.9115,82.0919,81.9551,-1.86873
43.5,52.403,43.7162,87.3401,87.1715,-1.96873
44,55.7148,46.5781,92.6458,92.4443,-2.06873
44.5,59.0657,49.473,98.0086,97.7735,-2.21873
45,62.4556,52.4009,103.429,103.159,-2.31873
45.5,65.8841,55.3618,108.906,108.601,-2.41873
46,69.351,58.3558,114.44,114.099,-2.51873
46.5,72.8563,61.3827,120.03,119.653,-2.61873
47,76.3998,64.4426,125.678,125.263,-2.71873
47.5,79.9813,67.5356,131.382,130.929,-2.81873
48,83.6007,70.6616,137.142,136.65,-2.91873
48.5,87.2581,73.8206,142.959,142.428,-3.01873
49,90.9532,77.0126,148.832,148.261,-3.11873
49.5,94.686,80.2377,154.762,154.15,-3.21873
50,98.4565,83.4958,160.747,160.094,-3.31873
